liga,temporada,equipo,id,nombre,posicion,dorsal,Aerial Duels,Aerial Duels lost,Aerial Duels won,Appearances,Backward Passes,Carries,Duels,Duels lost,Duels won,Final Third Touches,Forward Passes,Games Played,Goals Conceded,Goals Conceded Inside Box,Ground Duels,Ground Duels lost,Ground Duels won,Handballs conceded,Index,Interceptions,Leftside Passes,Open Play Passes,Penalties Conceded,Penalty Goals Conceded,Progressive Carries,Recoveries,Rightside Passes,Substitute On,Successful Open Play Passes,Successful Passes Opposition Half,Successful Passes Own Half,Successful Short Passes,Throw Ins to Own Player,Time Played,Times Tackled,Total Fouls Conceded,Total Fouls Won,Total Losses Of Possession,Total Passes,Total Successful Passes ( Excl Crosses & Corners ) ,Total Unsuccessful Passes ( Excl Crosses & Corners ),Touches,Unsuccessful Dribbles,Unsuccessful Passes Opposition Half,Unsuccessful Short Passes,Winning Goal,Blocks,Foul Attempted Tackle,GK Successful Distribution,Goal Kicks,Goals Conceded Outside Box,Key Passes (Attempt Assists),PutThrough/Blocked Distribution,PutThrough/Blocked Distribution Won,Shots Off Target (inc woodwork),Starts,Substitute Off,Successful Dribbles,Successful Launches,Successful Long Passes,Tackles Lost,Tackles Won,Throw Ins to Opposition Player,Total Clearances,Total Shots,Total Tackles,Total Touches In Opposition Box,Unsuccessful Crosses & Corners,Unsuccessful Crosses open play,Unsuccessful Launches,Unsuccessful Long Passes,Unsuccessful Passes Own Half,Yellow Cards,Blocked Shots,Corners Taken (incl short corners),Successful Lay-offs,Corners Won,Shots On Target ( inc goals ),Successful Corners into Box,Successful Crosses & Corners,Successful Crosses open play,Through balls,Total Big Chances Created,Unsuccessful Corners into Box,Goals,Goals Openplay,Goals from Inside Box,Goals from Outside Box,Offsides,Overruns,Penalties Taken,Penalty Goals,Right Foot Goals,Total Big Chances Missed,Total Big Chances Scored,Unsuccessful lay-offs,Home Goals,Away Goals,Assists (Intentional),Attempts from Set Pieces,Goal Assists,Direct Setpiece Goals,Left Foot Goals,Set Pieces Goals,Catches,Drops,GK Unsuccessful Distribution,Goalkeeper Smother,Last Player Tackle,Saves Made,Saves Made from Inside Box,Saves Made from Outside Box,Saves made - parried,Total Big Chances Saved,Foul Won Penalty,Penalties Faced,Punches,Straight Red Cards,Total Red Cards,Clean Sheets,Shots Created,Hit Woodwork,Headed Goals,Other Goals,Second Goal Assists,Crosses not Claimed,Saves made - caught,Red Cards - 2nd Yellow,Own Goal Scored,Penalties Saved,Saves from Penalty,Clearances Off the Line,Penalties Off Target
UEFA_UEFA_Champions_League,2025-2026,Real Madrid CF,4luj0v1ttpt61sniftg4bxrtg,Diego Aguado,Defender,27,,,,,,,,,,,,,,,,,,,,,,,,,,,,,,,,,,,,,,,,,,,,,,,,,,,,,,,,,,,,,,,,,,,,,,,,,,,,,,,,,,,,,,,,,,,,,,,,,,,,,,,,,,,,,,,,,,,,,,,,,,,,,,,,,,,,,
UEFA_UEFA_Champions_League,2025-2026,Real Madrid CF,6w5wyari2p4bh2zzy2x2f6hg5,D. Alaba,Defender,4,4.0,1.0,3.0,3.0,9.0,17.0,5.0,1.0,4.0,6.0,29.0,3.0,1.0,1.0,1.0,,1.0,,,,12.0,79.0,,,8.0,6.0,30.0,2.0,70.0,26.0,45.0,69.0,,115.0,,,,9.0,80.0,71.0,9.0,91.0,,4.0,5.0,0.0,1.0,,1.0,1.0,,,3.0,,,1.0,,,1.0,2.0,,1.0,,5.0,,1.0,2.0,,,2.0,4.0,5.0,,,,,,,,,,,,,,,,,,,,,,,,,,,,,,,,,,,,,,,,,,,,,,,,1.0,,,,,,,,,,,,,
UEFA_UEFA_Champions_League,2025-2026,Real Madrid CF,19z8jmren3eytg7fbuzqv73kl,T. Alexander-Arnold,Defender,12,2.0,,2.0,8.0,36.0,50.0,33.0,17.0,16.0,95.0,112.0,8.0,7.0,5.0,31.0,17.0,14.0,,,6.0,135.0,287.0,,,25.0,28.0,13.0,1.0,234.0,131.0,125.0,219.0,18.0,540.0,4.0,2.0,1.0,86.0,296.0,243.0,53.0,412.0,3.0,53.0,30.0,0.0,2.0,1.0,,,2.0,9.0,6.0,,2.0,7.0,3.0,1.0,,24.0,2.0,10.0,4.0,13.0,2.0,12.0,6.0,23.0,9.0,7.0,23.0,23.0,1.0,2.0,18.0,2.0,4.0,,7.0,13.0,5.0,,4.0,10.0,,,,,,,,,,,,,,,1.0,1.0,1.0,,,,,,,,,,,,,,,,,,,1.0,9.0,,,,,,,,,,,,
UEFA_UEFA_Champions_League,2025-2026,Real Madrid CF,atj6u4qul0o2ca57etbmes07o,Raúl Asencio,Defender,17,15.0,6.0,9.0,8.0,30.0,45.0,39.0,19.0,20.0,22.0,98.0,8.0,8.0,7.0,24.0,13.0,11.0,,,7.0,150.0,334.0,,2.0,17.0,16.0,68.0,1.0,314.0,123.0,202.0,317.0,6.0,559.0,2.0,6.0,5.0,28.0,346.0,324.0,22.0,415.0,,11.0,14.0,0.0,5.0,2.0,5.0,5.0,1.0,2.0,6.0,6.0,2.0,7.0,5.0,,,7.0,3.0,3.0,1.0,16.0,3.0,6.0,4.0,1.0,1.0,,8.0,12.0,1.0,,,,,1.0,,1.0,1.0,,1.0,,,,,,,,,,,,,,,,1.0,,1.0,,,,,,,,1.0,,,,,,,,,,1.0,1.0,3.0,,,,,,,1.0,,,,,
UEFA_UEFA_Champions_League,2025-2026,Real Madrid CF,e83ula4wockmc2xid7185kcq2,J. Bellingham,Midfielder,5,17.0,9.0,8.0,8.0,56.0,98.0,86.0,40.0,46.0,135.0,62.0,8.0,9.0,9.0,69.0,31.0,38.0,,,5.0,55.0,272.0,,2.0,52.0,24.0,103.0,3.0,245.0,176.0,74.0,233.0,1.0,517.0,17.0,9.0,13.0,54.0,276.0,249.0,27.0,394.0,8.0,22.0,25.0,1.0,1.0,3.0,,,,12.0,5.0,2.0,5.0,5.0,,10.0,,16.0,6.0,9.0,,12.0,9.0,15.0,25.0,2.0,2.0,,2.0,7.0,2.0,7.0,,14.0,2.0,4.0,,1.0,1.0,5.0,,,2.0,2.0,2.0,,1.0,1.0,,,1.0,5.0,2.0,,2.0,0.0,,,1.0,,1.0,,,,,,,,,,,,,,,,,1.0,13.0,,,,,,,,,,,,
UEFA_UEFA_Champions_League,2025-2026,Real Madrid CF,en2c7z1raqmcwee78297pbnu2,E. Camavinga,Midfielder,6,9.0,5.0,4.0,10.0,55.0,85.0,70.0,28.0,42.0,63.0,86.0,10.0,5.0,4.0,61.0,23.0,38.0,,,3.0,73.0,300.0,,,37.0,30.0,92.0,5.0,277.0,140.0,143.0,273.0,5.0,454.0,9.0,9.0,10.0,43.0,306.0,283.0,23.0,402.0,3.0,18.0,18.0,0.0,3.0,8.0,,,1.0,3.0,7.0,7.0,,5.0,5.0,7.0,,10.0,5.0,16.0,,9.0,2.0,21.0,2.0,,,1.0,5.0,5.0,1.0,,,6.0,,2.0,,,,3.0,1.0,,1.0,1.0,1.0,,,,,,,,1.0,,0.0,1.0,1.0,,1.0,,,,,,,,,,,,,,,,,,,,4.0,,1.0,,,,,,,,,,
UEFA_UEFA_Champions_League,2025-2026,Real Madrid CF,a4kw8u4dqsslfwe1ux08lbmc,Álvaro Carreras,Defender,18,15.0,5.0,10.0,9.0,61.0,103.0,91.0,36.0,55.0,144.0,202.0,9.0,13.0,11.0,76.0,31.0,45.0,2.0,,9.0,39.0,483.0,,2.0,58.0,47.0,198.0,,419.0,230.0,206.0,420.0,46.0,797.0,7.0,14.0,9.0,90.0,500.0,435.0,65.0,688.0,4.0,45.0,50.0,0.0,5.0,7.0,5.0,5.0,2.0,6.0,16.0,8.0,2.0,9.0,3.0,12.0,3.0,15.0,10.0,14.0,1.0,29.0,2.0,24.0,5.0,4.0,4.0,7.0,15.0,24.0,4.0,1.0,,,2.0,,,1.0,1.0,,,,,,,,,,,,,,,,,,,,,,,,,,,,,,,,,1.0,,,,,,1.0,6.0,,,,,,,,,,,1.0,
UEFA_UEFA_Champions_League,2025-2026,Real Madrid CF,7oykphzczagr975xsqt70s89h,Dani Carvajal,Defender,2,,,,5.0,14.0,5.0,4.0,1.0,3.0,13.0,9.0,5.0,1.0,1.0,4.0,1.0,3.0,,,1.0,20.0,43.0,,,2.0,6.0,3.0,5.0,43.0,20.0,27.0,44.0,5.0,96.0,,1.0,,3.0,46.0,46.0,,65.0,,1.0,,0.0,,1.0,,,,1.0,,,2.0,,,,,2.0,1.0,2.0,,2.0,2.0,3.0,2.0,1.0,1.0,,,,,,,1.0,2.0,,,1.0,1.0,,,,,,,,,,,,,,,,,,,,,,,,,,,,,,,,,,,,,1.0,1.0,,1.0,,,,,,,,,,,,
UEFA_UEFA_Champions_League,2025-2026,Real Madrid CF,i48mf81fxn2af1xxjzfi8gr9,Dani Ceballos,Midfielder,19,2.0,1.0,1.0,4.0,27.0,56.0,23.0,14.0,9.0,40.0,48.0,4.0,5.0,5.0,21.0,13.0,8.0,,,3.0,48.0,195.0,,1.0,18.0,15.0,78.0,2.0,181.0,97.0,89.0,178.0,,247.0,3.0,1.0,2.0,27.0,201.0,186.0,15.0,242.0,,13.0,13.0,0.0,,1.0,,,,2.0,6.0,3.0,,2.0,1.0,1.0,1.0,8.0,3.0,2.0,,7.0,,5.0,,5.0,1.0,1.0,2.0,7.0,,,4.0,1.0,,,,,,1.0,,4.0,,,,,,,,,,,,,,,,,,,,,,,,,,,,,,,,,,,,1.0,2.0,,,,,,,,,,,,
UEFA_UEFA_Champions_League,2025-2026,Real Madrid CF,ecmpznived7xp45o7bm96csno,Cestero,Midfielder,28,,,,1.0,1.0,,1.0,,1.0,3.0,1.0,1.0,1.0,1.0,1.0,,1.0,,,,2.0,5.0,,,,1.0,2.0,1.0,5.0,3.0,3.0,6.0,,11.0,,,1.0,,6.0,6.0,,7.0,,,,0.0,,,,,,,,,,,,,,,,,,,,,1.0,,,,,,,,,,,,,,,,,,,,,,,,,,,,,,,,,,,,,,,,,,,,,,,,,,,,,,,,,,,,,,,,,,
UEFA_UEFA_Champions_League,2025-2026,Real Madrid CF,6crmq7vzqts58wg196q48sc7p,T. Courtois,Goalkeeper,1,2.0,,2.0,11.0,,54.0,3.0,,3.0,,172.0,11.0,11.0,11.0,1.0,,1.0,,,,79.0,256.0,,2.0,20.0,89.0,75.0,,203.0,28.0,219.0,203.0,,945.0,,,2.0,81.0,326.0,247.0,79.0,457.0,,57.0,1.0,0.0,,,79.0,41.0,,,1.0,,,11.0,1.0,,13.0,44.0,,,,6.0,,,,,,52.0,78.0,22.0,,,,,,,,,,,2.0,,,,,,,,,,,,,,,,1.0,,2.0,,,,8.0,2.0,17.0,2.0,,53.0,36.0,16.0,23.0,11.0,,2.0,,,,4.0,2.0,,,,,,2.0,,,,,,
UEFA_UEFA_Champions_League,2025-2026,Real Madrid CF,buzh1oolanqmxdm3bqt1sfqxg,Dani Meso,Midfielder,47,,,,1.0,2.0,2.0,2.0,2.0,,2.0,1.0,1.0,,,2.0,2.0,,,,,1.0,5.0,,,,1.0,1.0,1.0,5.0,3.0,2.0,5.0,,7.0,1.0,,,2.0,5.0,5.0,,7.0,1.0,,,0.0,,,,,,,,,,,,,,,,,,,,,,,,,,,,,,,,,,,,,,,,,,,,1.0,,,,,,,,,,,,,,,,,,,,,,,,,,,,,,,,,,,,,,,,,,,
UEFA_UEFA_Champions_League,2025-2026,Real Madrid CF,3jln1gzc0859ymphvq83i0mp5,Brahim Díaz,Midfielder,21,6.0,4.0,2.0,11.0,46.0,47.0,52.0,32.0,20.0,122.0,22.0,11.0,3.0,3.0,46.0,28.0,18.0,,,,43.0,144.0,,,30.0,13.0,36.0,8.0,131.0,106.0,29.0,130.0,1.0,351.0,17.0,8.0,7.0,44.0,147.0,134.0,13.0,224.0,9.0,14.0,13.0,0.0,,4.0,,,,7.0,6.0,4.0,1.0,3.0,3.0,3.0,,4.0,3.0,5.0,,1.0,10.0,8.0,32.0,3.0,3.0,,,2.0,1.0,1.0,2.0,9.0,3.0,9.0,1.0,1.0,,1.0,3.0,,1.0,1.0,1.0,,,1.0,,,1.0,1.0,1.0,,0.0,1.0,1.0,,1.0,,,,,,,,,,,,,,,,,,,,8.0,,,,,,,,,,,,
UEFA_UEFA_Champions_League,2025-2026,Real Madrid CF,14qv8npo5alwnb5dud8x82ln8,Endrick,Forward,9,2.0,1.0,1.0,1.0,,,2.0,1.0,1.0,3.0,1.0,1.0,,,,,,,,,,1.0,,,,,,1.0,,,,,,11.0,,,,3.0,1.0,,1.0,6.0,,1.0,1.0,0.0,1.0,,,,,,,,1.0,,,,,,,,,,1.0,,2.0,,,,,,,1.0,,,,,,,,,,,,,,,,1.0,,,,,,,,,,,,,,,,,,,,,,,,,,,,,,,,1.0,,,,,,,,,,,
UEFA_UEFA_Champions_League,2025-2026,Real Madrid CF,3wieudlmb1vnm7kvdcn4sfok4,Lamini Fati,Defender,48,,,,,,,,,,,,,,,,,,,,,,,,,,,,,,,,,,,,,,,,,,,,,,,,,,,,,,,,,,,,,,,,,,,,,,,,,,,,,,,,,,,,,,,,,,,,,,,,,,,,,,,,,,,,,,,,,,,,,,,,,,,,,,,,,,,,,
UEFA_UEFA_Champions_League,2025-2026,Real Madrid CF,8knybibneen7qx8jdg9voh7v8,Jesús Fortea,Defender,32,,,,,,,,,,,,,,,,,,,,,,,,,,,,,,,,,,,,,,,,,,,,,,,,,,,,,,,,,,,,,,,,,,,,,,,,,,,,,,,,,,,,,,,,,,,,,,,,,,,,,,,,,,,,,,,,,,,,,,,,,,,,,,,,,,,,,
UEFA_UEFA_Champions_League,2025-2026,Real Madrid CF,diwvhwul9fvsmpdwosvy8nwus,Pol Fortuny,Midfielder,33,,,,,,,,,,,,,,,,,,,,,,,,,,,,,,,,,,,,,,,,,,,,,,,,,,,,,,,,,,,,,,,,,,,,,,,,,,,,,,,,,,,,,,,,,,,,,,,,,,,,,,,,,,,,,,,,,,,,,,,,,,,,,,,,,,,,,
UEFA_UEFA_Champions_League,2025-2026,Real Madrid CF,39c5g6782qlrtw55fsre7exnt,Fran García,Defender,20,7.0,5.0,2.0,7.0,34.0,20.0,16.0,11.0,5.0,47.0,25.0,7.0,1.0,1.0,9.0,6.0,3.0,,,5.0,13.0,114.0,,,12.0,13.0,43.0,5.0,103.0,62.0,42.0,102.0,19.0,246.0,2.0,2.0,,20.0,115.0,104.0,11.0,165.0,1.0,8.0,7.0,0.0,2.0,,,,,1.0,7.0,1.0,,2.0,,,,2.0,2.0,1.0,3.0,6.0,,3.0,4.0,2.0,2.0,4.0,4.0,5.0,,,,1.0,2.0,,,,,,,,,,,,,1.0,,,,,,,,,,,,,,,,,,,,,,,,,,,,,,1.0,1.0,,,,,,,,,,,,
UEFA_UEFA_Champions_League,2025-2026,Real Madrid CF,4o9d3hpjlicgce9gtbewyzhn8,Gonzalo García,Forward,16,8.0,7.0,1.0,5.0,7.0,7.0,14.0,12.0,2.0,17.0,9.0,5.0,4.0,4.0,6.0,5.0,1.0,,,,15.0,34.0,,1.0,2.0,3.0,5.0,3.0,27.0,19.0,10.0,29.0,,172.0,2.0,2.0,,9.0,36.0,29.0,7.0,47.0,2.0,4.0,7.0,0.0,,1.0,,,,1.0,3.0,,,2.0,2.0,,,,,1.0,,3.0,,1.0,5.0,,,,,3.0,,1.0,,1.0,1.0,,,,,,1.0,,,,,,1.0,,,,,,,,,,1.0,,1.0,,,,,,,,,,,,,,,,,,,,2.0,,,,,,,,,,,,
UEFA_UEFA_Champions_League,2025-2026,Real Madrid CF,42mke5h9m4g7idv9q6ltuhkwk,Fran González,Goalkeeper,26,,,,,,,,,,,,,,,,,,,,,,,,,,,,,,,,,,,,,,,,,,,,,,,,,,,,,,,,,,,,,,,,,,,,,,,,,,,,,,,,,,,,,,,,,,,,,,,,,,,,,,,,,,,,,,,,,,,,,,,,,,,,,,,,,,,,,
UEFA_UEFA_Champions_League,2025-2026,Real Madrid CF,39gif4xfy8xddarasbsad56ok,A. Güler,Midfielder,15,15.0,8.0,7.0,13.0,113.0,164.0,104.0,55.0,49.0,271.0,152.0,13.0,12.0,10.0,89.0,47.0,42.0,1.0,,6.0,167.0,542.0,,1.0,68.0,68.0,139.0,1.0,482.0,362.0,161.0,470.0,2.0,941.0,21.0,13.0,16.0,133.0,571.0,508.0,63.0,760.0,8.0,79.0,45.0,0.0,1.0,7.0,,,2.0,30.0,14.0,6.0,7.0,12.0,12.0,11.0,1.0,38.0,4.0,11.0,,11.0,14.0,15.0,25.0,30.0,8.0,4.0,18.0,14.0,1.0,7.0,42.0,14.0,9.0,7.0,13.0,15.0,4.0,12.0,5.0,20.0,,,,,,1.0,,,,,,,,,3.0,2.0,4.0,,,,,,,,,,,,,,,,,,,,34.0,,,,,,,,,,,,
UEFA_UEFA_Champions_League,2025-2026,Real Madrid CF,d2hnxi1yi5rgqj1tvxh1813x0,Dean Huijsen,Defender,24,31.0,16.0,15.0,9.0,24.0,148.0,67.0,25.0,42.0,43.0,240.0,9.0,9.0,8.0,36.0,9.0,27.0,,,11.0,119.0,574.0,,1.0,76.0,30.0,207.0,,506.0,212.0,309.0,503.0,,770.0,,7.0,5.0,75.0,590.0,521.0,69.0,704.0,,52.0,35.0,0.0,8.0,3.0,6.0,6.0,1.0,1.0,8.0,7.0,3.0,9.0,2.0,6.0,1.0,18.0,3.0,13.0,,42.0,4.0,16.0,7.0,1.0,1.0,16.0,34.0,18.0,2.0,,,,1.0,1.0,,,,2.0,,,,,,,,,,,,,,,,,,,,,,,,,,,2.0,,,,,,,,,,,3.0,1.0,,,,,,,,,,,,
UEFA_UEFA_Champions_League,2025-2026,Real Madrid CF,9650u1owvf264fwnuzc0zlfro,David Jiménez,Defender,35,,,,,,,,,,,,,,,,,,,,,,,,,,,,,,,,,,,,,,,,,,,,,,,,,,,,,,,,,,,,,,,,,,,,,,,,,,,,,,,,,,,,,,,,,,,,,,,,,,,,,,,,,,,,,,,,,,,,,,,,,,,,,,,,,,,,,
UEFA_UEFA_Champions_League,2025-2026,Real Madrid CF,3jzkkcd5ysauxk07bli7ic2l0,Ávaro Leiva,Forward,46,,,,,,,,,,,,,,,,,,,,,,,,,,,,,,,,,,,,,,,,,,,,,,,,,,,,,,,,,,,,,,,,,,,,,,,,,,,,,,,,,,,,,,,,,,,,,,,,,,,,,,,,,,,,,,,,,,,,,,,,,,,,,,,,,,,,,
UEFA_UEFA_Champions_League,2025-2026,Real Madrid CF,38bp85766w04a0nuulq5fiig9,A. Lunin,Goalkeeper,13,2.0,,2.0,3.0,,2.0,3.0,,3.0,,35.0,3.0,5.0,3.0,1.0,,1.0,,,,31.0,67.0,,,1.0,23.0,23.0,1.0,57.0,,71.0,67.0,,225.0,,,1.0,18.0,89.0,71.0,18.0,126.0,,13.0,,0.0,,,27.0,13.0,2.0,,,,,2.0,,,1.0,4.0,,,,5.0,,,,,,6.0,18.0,5.0,,,,,,,,,,,,,,,,,,,,,,,,,,,,,,,,,1.0,,3.0,,,13.0,10.0,3.0,3.0,3.0,,,2.0,,,,,,,,,,1.0,,,,,,
UEFA_UEFA_Champions_League,2025-2026,Real Madrid CF,4aihdtm9m5evl5ohlx54ccs9g,Joan Martínez,Defender,36,,,,,,,,,,,,,,,,,,,,,,,,,,,,,,,,,,,,,,,,,,,,,,,,,,,,,,,,,,,,,,,,,,,,,,,,,,,,,,,,,,,,,,,,,,,,,,,,,,,,,,,,,,,,,,,,,,,,,,,,,,,,,,,,,,,,,
UEFA_UEFA_Champions_League,2025-2026,Real Madrid CF,1fkntyd2z8e169yh98k0zst90,F. Mastantuono,Forward,30,10.0,6.0,4.0,7.0,26.0,54.0,55.0,36.0,19.0,101.0,21.0,7.0,4.0,4.0,45.0,30.0,15.0,,,1.0,43.0,98.0,,1.0,17.0,13.0,9.0,3.0,85.0,62.0,25.0,83.0,,292.0,19.0,9.0,6.0,51.0,99.0,85.0,14.0,183.0,16.0,12.0,12.0,0.0,,6.0,,,,6.0,6.0,4.0,5.0,4.0,4.0,6.0,,2.0,1.0,2.0,,2.0,10.0,3.0,25.0,2.0,1.0,,2.0,4.0,,2.0,2.0,4.0,2.0,5.0,1.0,2.0,1.0,1.0,2.0,1.0,1.0,1.0,1.0,,,2.0,,,1.0,2.0,1.0,,1.0,0.0,,,,,,,,,,,,,,,,,1.0,,,,,,6.0,1.0,,,,,,,,,,,
UEFA_UEFA_Champions_League,2025-2026,Real Madrid CF,5e9ilgrz3tzg9kd1gk3yvrahh,K. Mbappé,Forward,10,4.0,3.0,1.0,10.0,66.0,123.0,73.0,42.0,31.0,310.0,69.0,10.0,12.0,10.0,69.0,39.0,30.0,,,1.0,84.0,286.0,,1.0,65.0,17.0,87.0,1.0,241.0,217.0,46.0,254.0,3.0,822.0,32.0,4.0,11.0,108.0,306.0,261.0,45.0,473.0,25.0,47.0,39.0,4.0,,,,,2.0,27.0,6.0,1.0,13.0,9.0,1.0,18.0,,7.0,,1.0,,1.0,41.0,1.0,86.0,6.0,6.0,,6.0,4.0,2.0,11.0,,16.0,10.0,28.0,,2.0,2.0,7.0,4.0,,14.0,11.0,12.0,2.0,4.0,2.0,3.0,3.0,11.0,9.0,11.0,1.0,5.0,9.0,,1.0,1.0,,1.0,,,,,,,,,,,,,,,,,2.0,28.0,1.0,2.0,,,,,,,,,,
UEFA_UEFA_Champions_League,2025-2026,Real Madrid CF,6q69l3ppqfqbryjubcrujfi6t,F. Mendy,Defender,23,2.0,2.0,,2.0,6.0,10.0,10.0,3.0,7.0,6.0,25.0,2.0,3.0,2.0,8.0,1.0,7.0,,,3.0,6.0,68.0,,,5.0,11.0,31.0,,64.0,27.0,37.0,63.0,3.0,135.0,1.0,,3.0,6.0,68.0,64.0,4.0,90.0,1.0,2.0,3.0,0.0,,,,,1.0,2.0,1.0,,,2.0,1.0,3.0,,1.0,1.0,,,4.0,,1.0,,,,,1.0,2.0,,,,,,,,,,,,,,,,,,,,,,,,,,,,,,,,,,,,,,,,,,,,,,,,,2.0,,,,,,,,,,,,
UEFA_UEFA_Champions_League,2025-2026,Real Madrid CF,3krfyio6dlb6gkoggsmqwkj6c,Sergio Mestre,Goalkeeper,43,,,,,,,,,,,,,,,,,,,,,,,,,,,,,,,,,,,,,,,,,,,,,,,,,,,,,,,,,,,,,,,,,,,,,,,,,,,,,,,,,,,,,,,,,,,,,,,,,,,,,,,,,,,,,,,,,,,,,,,,,,,,,,,,,,,,,
UEFA_UEFA_Champions_League,2025-2026,Real Madrid CF,587fw0wi1ke5kv6tdnyx78xec,Javier Navarro,Goalkeeper,29,,,,,,,,,,,,,,,,,,,,,,,,,,,,,,,,,,,,,,,,,,,,,,,,,,,,,,,,,,,,,,,,,,,,,,,,,,,,,,,,,,,,,,,,,,,,,,,,,,,,,,,,,,,,,,,,,,,,,,,,,,,,,,,,,,,,,
UEFA_UEFA_Champions_League,2025-2026,Real Madrid CF,3r4r3w44ski0d4175zfe1iy38,César Palacios,Midfielder,38,1.0,1.0,,1.0,4.0,1.0,3.0,3.0,,1.0,2.0,1.0,,,2.0,2.0,,,,,1.0,8.0,,,,2.0,1.0,1.0,7.0,4.0,3.0,7.0,,6.0,1.0,2.0,,2.0,8.0,7.0,1.0,10.0,,,1.0,0.0,,,,,,,1.0,,,,,,,,,,,,,,,,,,,1.0,1.0,,,,,,,,,,,,,,,,,,,,,,,,,,,,,,,,,,,,,,,,,,,,,,,,,,,,,,,,,,,,
UEFA_UEFA_Champions_League,2025-2026,Real Madrid CF,9ksawmk9ligul6vfjihf50r8,Thiago Pitarch,Midfielder,45,4.0,3.0,1.0,5.0,29.0,30.0,22.0,17.0,5.0,20.0,18.0,5.0,3.0,2.0,18.0,14.0,4.0,,,3.0,31.0,105.0,,,9.0,10.0,27.0,2.0,97.0,42.0,55.0,93.0,,219.0,1.0,2.0,1.0,14.0,105.0,97.0,8.0,127.0,1.0,4.0,7.0,0.0,,2.0,,,1.0,,1.0,1.0,,3.0,3.0,1.0,1.0,4.0,2.0,1.0,,1.0,,3.0,5.0,,,1.0,1.0,4.0,,,,5.0,1.0,,,,,,,,,,,,,,,,,,,1.0,,,,,,,,,,,,,,,,,,,,,,,,,,,,,,,,,,,,,
UEFA_UEFA_Champions_League,2025-2026,Real Madrid CF,974pgl5fo69ks8qsv1oorx8us,Mario Rivas,Defender,49,,,,,,,,,,,,,,,,,,,,,,,,,,,,,,,,,,,,,,,,,,,,,,,,,,,,,,,,,,,,,,,,,,,,,,,,,,,,,,,,,,,,,,,,,,,,,,,,,,,,,,,,,,,,,,,,,,,,,,,,,,,,,,,,,,,,,
UEFA_UEFA_Champions_League,2025-2026,Real Madrid CF,broq8imimhtlejtffissquy5m,Rodrygo,Forward,11,,,,5.0,29.0,69.0,37.0,17.0,20.0,100.0,24.0,5.0,3.0,3.0,37.0,17.0,20.0,,,2.0,24.0,100.0,,1.0,49.0,14.0,26.0,3.0,81.0,68.0,20.0,84.0,1.0,229.0,12.0,3.0,7.0,46.0,103.0,84.0,19.0,176.0,7.0,26.0,18.0,0.0,,2.0,,,,9.0,4.0,2.0,3.0,2.0,1.0,12.0,,,,1.0,,1.0,8.0,1.0,29.0,9.0,2.0,,1.0,2.0,2.0,,4.0,1.0,4.0,5.0,,4.0,3.0,,4.0,4.0,1.0,1.0,1.0,,,,,,1.0,,,,1.0,0.0,1.0,,1.0,,,,,,,,,,,,,,1.0,,,1.0,1.0,,10.0,,,,,,,,,,,,
UEFA_UEFA_Champions_League,2025-2026,Real Madrid CF,6fzbp94hf19ysotdassrqdc5x,A. Rüdiger,Defender,22,10.0,4.0,6.0,6.0,20.0,42.0,18.0,9.0,9.0,8.0,69.0,6.0,6.0,5.0,8.0,5.0,3.0,,,4.0,120.0,307.0,1.0,1.0,9.0,21.0,110.0,,283.0,68.0,227.0,288.0,,540.0,,4.0,,27.0,319.0,295.0,24.0,370.0,,17.0,9.0,0.0,5.0,1.0,9.0,9.0,1.0,1.0,5.0,5.0,1.0,6.0,,,3.0,7.0,1.0,2.0,,24.0,1.0,3.0,4.0,1.0,1.0,7.0,15.0,8.0,1.0,1.0,,,,,,,,,,,,,,,,,,,,,,,,,,,,,,,,,,,,,,,,,,,,,,2.0,1.0,,,,,,,,,,,,
UEFA_UEFA_Champions_League,2025-2026,Real Madrid CF,aipyotc87m5bdvmvizd5n69k9,A. Tchouaméni,Midfielder,14,27.0,7.0,20.0,13.0,72.0,123.0,99.0,39.0,60.0,115.0,204.0,13.0,15.0,13.0,72.0,32.0,40.0,,,26.0,236.0,681.0,1.0,2.0,54.0,50.0,186.0,,628.0,331.0,315.0,623.0,2.0,1125.0,10.0,16.0,10.0,70.0,698.0,645.0,53.0,861.0,4.0,34.0,42.0,0.0,12.0,13.0,2.0,2.0,2.0,9.0,10.0,4.0,4.0,13.0,2.0,6.0,1.0,22.0,10.0,14.0,,24.0,9.0,24.0,7.0,1.0,1.0,6.0,11.0,20.0,3.0,7.0,,13.0,4.0,5.0,,1.0,1.0,2.0,2.0,,1.0,1.0,1.0,,,,,,1.0,1.0,,,1.0,0.0,1.0,,1.0,,,,,,,,,,,,,,,,,,,3.0,10.0,2.0,,,,,,,,,,,
UEFA_UEFA_Champions_League,2025-2026,Real Madrid CF,3pxte13sf3ybzb3cgvim1tqtw,Valde,Defender,40,,,,,,,,,,,,,,,,,,,,,,,,,,,,,,,,,,,,,,,,,,,,,,,,,,,,,,,,,,,,,,,,,,,,,,,,,,,,,,,,,,,,,,,,,,,,,,,,,,,,,,,,,,,,,,,,,,,,,,,,,,,,,,,,,,,,,
UEFA_UEFA_Champions_League,2025-2026,Real Madrid CF,1i9wi65k2foqwudeqiyih87hl,F. Valverde,Midfielder,8,21.0,10.0,11.0,12.0,118.0,137.0,89.0,42.0,47.0,221.0,151.0,12.0,16.0,14.0,68.0,32.0,36.0,,,11.0,275.0,618.0,,2.0,55.0,43.0,89.0,,550.0,336.0,228.0,531.0,25.0,1072.0,12.0,7.0,4.0,107.0,633.0,564.0,69.0,824.0,7.0,59.0,52.0,1.0,4.0,3.0,,,2.0,17.0,25.0,17.0,1.0,12.0,2.0,12.0,,33.0,7.0,13.0,1.0,27.0,5.0,20.0,22.0,11.0,11.0,7.0,17.0,21.0,,7.0,1.0,13.0,12.0,4.0,1.0,,,4.0,2.0,,3.0,3.0,3.0,,,,,,2.0,2.0,2.0,,3.0,0.0,4.0,1.0,4.0,,1.0,,,,,,,,,,,1.0,,,,,,3.0,21.0,,,,,,,,,,,1.0,
UEFA_UEFA_Champions_League,2025-2026,Real Madrid CF,b4witgokm49tidm1a83qcvbop,Vinícius Júnior,Forward,7,6.0,4.0,2.0,13.0,140.0,210.0,121.0,64.0,57.0,399.0,61.0,13.0,15.0,13.0,115.0,60.0,55.0,1.0,,,26.0,394.0,,2.0,133.0,35.0,175.0,1.0,313.0,247.0,77.0,309.0,1.0,1080.0,43.0,10.0,24.0,179.0,402.0,321.0,81.0,631.0,26.0,77.0,74.0,3.0,,4.0,,,2.0,18.0,23.0,7.0,21.0,12.0,3.0,26.0,,12.0,4.0,1.0,,,41.0,5.0,102.0,14.0,13.0,,7.0,18.0,2.0,12.0,5.0,11.0,18.0,20.0,1.0,3.0,2.0,7.0,7.0,1.0,5.0,4.0,5.0,,8.0,9.0,2.0,1.0,4.0,11.0,3.0,1.0,2.0,3.0,4.0,,4.0,,1.0,,,,,,,,,,,,1.0,,,,,2.0,22.0,2.0,,,,,,,,,,,
UEFA_UEFA_Champions_League,2025-2026,Real Madrid CF,3r8kqt2bz34yw8e2h4jdp96hg,Daniel Yáñez,Forward,42,,,,,,,,,,,,,,,,,,,,,,,,,,,,,,,,,,,,,,,,,,,,,,,,,,,,,,,,,,,,,,,,,,,,,,,,,,,,,,,,,,,,,,,,,,,,,,,,,,,,,,,,,,,,,,,,,,,,,,,,,,,,,,,,,,,,,
UEFA_UEFA_Champions_League,2025-2026,Real Madrid CF,2spn42sn73gxwyt6ucobiknl6,Manuel Ángel,Midfielder,37,,,,2.0,3.0,6.0,6.0,4.0,2.0,5.0,4.0,2.0,,,6.0,4.0,2.0,,,2.0,1.0,20.0,,,2.0,2.0,12.0,2.0,20.0,9.0,11.0,19.0,,30.0,2.0,2.0,1.0,3.0,20.0,20.0,,30.0,1.0,,,0.0,,2.0,,,,,,,,,,,,1.0,,1.0,,,,1.0,,,,,,,,,,,,,,,,,,,,,,,,,,,,,,,,,,,,,,,,,,,,,,,,,,,,,,,,,,,,,,,,,,,
UEFA_UEFA_Champions_League,2025-2026,Real Madrid CF,8wvkrrbqqthuwda8twg03yuax,Éder Militão,Defender,3,14.0,8.0,6.0,4.0,5.0,30.0,30.0,14.0,16.0,13.0,42.0,4.0,2.0,2.0,16.0,6.0,10.0,,,7.0,57.0,151.0,,,15.0,9.0,56.0,1.0,140.0,60.0,88.0,140.0,,298.0,,6.0,5.0,14.0,160.0,148.0,12.0,219.0,,8.0,8.0,0.0,4.0,1.0,2.0,2.0,,2.0,2.0,1.0,4.0,3.0,,1.0,1.0,8.0,3.0,1.0,,21.0,5.0,4.0,6.0,,,2.0,4.0,4.0,1.0,3.0,,,2.0,1.0,,,,,,,,,,,,,,,,,,,,,,,,,,,,,,,,,,,,,,,,,,1.0,2.0,,,,,,,,,,,,
